{"Code":[{"rightText":"Right","leftCode":1,"code":0,"leftText":"Left","rightCode":2,"Prompt":"Goblins are on both of sides of you","middleText":"Kill goblin on left or right?"},{"rightText":"No","leftCode":0,"code":1,"leftText":"Yes","rightCode":-1,"Prompt":"You died","middleText":"Play again?"},{"rightText":"No","leftCode":0,"code":2,"leftText":"Yes","rightCode":-1,"Prompt":"You killed right goblin","middleText":"Hi"},{"rightText":"Right","leftCode":1,"code":3,"leftText":"Left","rightCode":2,"Prompt":"Goblins are on both of sides of you","middleText":"Kill goblin on left or right?"}]}
